model_id,workload,load_mode,slo,alternative_slo,best_config,best_config_hash,basis,tokens_in_per_request,tokens_out_per_request,cost_input_per_mtok_micros,cost_input_per_mtok_usd,cost_input_per_mtok_lo_micros,cost_input_per_mtok_lo_usd,cost_input_per_mtok_hi_micros,cost_input_per_mtok_hi_usd,cost_input_per_mtok_na_reason,cost_output_per_mtok_micros,cost_output_per_mtok_usd,cost_output_per_mtok_lo_micros,cost_output_per_mtok_lo_usd,cost_output_per_mtok_hi_micros,cost_output_per_mtok_hi_usd,cost_output_per_mtok_na_reason,cost_blended_per_mtok_micros,cost_blended_per_mtok_usd,cost_blended_per_mtok_lo_micros,cost_blended_per_mtok_lo_usd,cost_blended_per_mtok_hi_micros,cost_blended_per_mtok_hi_usd,cost_blended_per_mtok_na_reason,price_input_per_mtok_micros,price_input_per_mtok_usd,price_output_per_mtok_micros,price_output_per_mtok_usd,margin_input_micros,margin_input_worst_micros,margin_output_micros,margin_output_worst_micros,flags,competitor,competitor_model,competitor_listing_model_id,competitor_aggregator,competitor_availability,competitor_in_comparison,competitor_input_per_mtok_micros,competitor_input_per_mtok_usd,competitor_output_per_mtok_micros,competitor_output_per_mtok_usd,competitor_blended_at_mix_micros,competitor_blended_at_mix_usd,our_blended_cost_vs_competitor,competitor_quantization,our_quantization,competitor_source,competitor_last_checked,price_basis,public_list_prices_only
llama-3.3-70b-instruct,fixed-1k-1k,open_loop,"TTFT p95 ≤ 1000 ms, TPOT p95 ≤ 50 ms, error rate ≤ 1.00%",False,vllm-tp2,2f7fb3f9372ba09550198b14978459e35c68866db852f44d4856c293a5adf8f9,"untrusted, not ranked: high run-to-run variance",1025.0,1024.0,446623,$0.446623,278878,$0.278878,715268,$0.715268,,4288552,$4.288552,3446136,$3.446136,5285732,$5.285732,,2366650,$2.366650,1970199,$1.970199,2842876,$2.842876,,,,,,,,,,no_price_set; cost_above_market(input); cost_above_market(output); cost_above_market(blended),Together AI,,llama-3.3-70b-instruct,False,listed,True,1040000,$1.040000,1040000,$1.040000,1040000,$1.040000,2.2756,,none,https://www.together.ai/pricing,2026-10-04,"runpod/secure h100-sxm-x2 + 260 GB block storage, from the price book: on-demand $8.0156/h; spot n/a; committed 1y n/a",True
llama-3.3-70b-instruct,fixed-1k-1k,open_loop,"TTFT p95 ≤ 1000 ms, TPOT p95 ≤ 50 ms, error rate ≤ 1.00%",False,vllm-tp2,2f7fb3f9372ba09550198b14978459e35c68866db852f44d4856c293a5adf8f9,"untrusted, not ranked: high run-to-run variance",1025.0,1024.0,446623,$0.446623,278878,$0.278878,715268,$0.715268,,4288552,$4.288552,3446136,$3.446136,5285732,$5.285732,,2366650,$2.366650,1970199,$1.970199,2842876,$2.842876,,,,,,,,,,no_price_set; cost_above_market(input); cost_above_market(output); cost_above_market(blended),Fireworks AI,,llama-3.3-70b-instruct,False,unverified,False,900000,$0.900000,900000,$0.900000,900000,$0.900000,2.6296,,none,https://docs.fireworks.ai/serverless/pricing,2026-10-04,"runpod/secure h100-sxm-x2 + 260 GB block storage, from the price book: on-demand $8.0156/h; spot n/a; committed 1y n/a",True
llama-3.3-70b-instruct,fixed-1k-1k,open_loop,"TTFT p95 ≤ 1000 ms, TPOT p95 ≤ 50 ms, error rate ≤ 1.00%",False,vllm-tp2,2f7fb3f9372ba09550198b14978459e35c68866db852f44d4856c293a5adf8f9,"untrusted, not ranked: high run-to-run variance",1025.0,1024.0,446623,$0.446623,278878,$0.278878,715268,$0.715268,,4288552,$4.288552,3446136,$3.446136,5285732,$5.285732,,2366650,$2.366650,1970199,$1.970199,2842876,$2.842876,,,,,,,,,,no_price_set; cost_above_market(input); cost_above_market(output); cost_above_market(blended),DeepInfra,meta-llama/Llama-3.3-70B-Instruct-Turbo,llama-3.3-70b-instruct,False,listed,True,100000,$0.100000,320000,$0.320000,209946,$0.209946,11.2727,fp8,none,https://deepinfra.com/meta-llama/Llama-3.3-70B-Instruct-Turbo,2026-10-04,"runpod/secure h100-sxm-x2 + 260 GB block storage, from the price book: on-demand $8.0156/h; spot n/a; committed 1y n/a",True
llama-3.3-70b-instruct,fixed-1k-1k,open_loop,"TTFT p95 ≤ 1000 ms, TPOT p95 ≤ 50 ms, error rate ≤ 1.00%",False,vllm-tp2,2f7fb3f9372ba09550198b14978459e35c68866db852f44d4856c293a5adf8f9,"untrusted, not ranked: high run-to-run variance",1025.0,1024.0,446623,$0.446623,278878,$0.278878,715268,$0.715268,,4288552,$4.288552,3446136,$3.446136,5285732,$5.285732,,2366650,$2.366650,1970199,$1.970199,2842876,$2.842876,,,,,,,,,,no_price_set; cost_above_market(input); cost_above_market(output); cost_above_market(blended),Novita AI,,llama-3.3-70b-instruct,False,listed,True,135000,$0.135000,400000,$0.400000,267435,$0.267435,8.8494,,none,https://novita.ai/pricing,2026-10-04,"runpod/secure h100-sxm-x2 + 260 GB block storage, from the price book: on-demand $8.0156/h; spot n/a; committed 1y n/a",True
llama-3.3-70b-instruct,fixed-1k-1k,open_loop,"TTFT p95 ≤ 1000 ms, TPOT p95 ≤ 50 ms, error rate ≤ 1.00%",False,vllm-tp2,2f7fb3f9372ba09550198b14978459e35c68866db852f44d4856c293a5adf8f9,"untrusted, not ranked: high run-to-run variance",1025.0,1024.0,446623,$0.446623,278878,$0.278878,715268,$0.715268,,4288552,$4.288552,3446136,$3.446136,5285732,$5.285732,,2366650,$2.366650,1970199,$1.970199,2842876,$2.842876,,,,,,,,,,no_price_set; cost_above_market(input); cost_above_market(output); cost_above_market(blended),OpenRouter,meta-llama/llama-3.3-70b-instruct,llama-3.3-70b-instruct,True,listed,False,100000,$0.100000,320000,$0.320000,209946,$0.209946,11.2727,,none,https://openrouter.ai/meta-llama/llama-3.3-70b-instruct,2026-10-04,"runpod/secure h100-sxm-x2 + 260 GB block storage, from the price book: on-demand $8.0156/h; spot n/a; committed 1y n/a",True
llama-3.3-70b-instruct,shared-prefix,open_loop,"TTFT p95 ≤ 1000 ms, TPOT p95 ≤ 50 ms, error rate ≤ 1.00%",False,vllm-tp2,2f7fb3f9372ba09550198b14978459e35c68866db852f44d4856c293a5adf8f9,"untrusted, not ranked: high run-to-run variance",2083.0,128.0,267907,$0.267907,158583,$0.158583,452595,$0.452595,,4309793,$4.309793,2104213,$2.104213,6681711,$6.681711,,501901,$0.501901,419033,$0.419033,601157,$0.601157,,,,,,,,,,no_price_set; cost_above_market(input); cost_above_market(output); cost_above_market(blended),Together AI,,llama-3.3-70b-instruct,False,listed,True,1040000,$1.040000,1040000,$1.040000,1040000,$1.040000,0.4826,,none,https://www.together.ai/pricing,2026-10-04,"runpod/secure h100-sxm-x2 + 260 GB block storage, from the price book: on-demand $8.0156/h; spot n/a; committed 1y n/a",True
llama-3.3-70b-instruct,shared-prefix,open_loop,"TTFT p95 ≤ 1000 ms, TPOT p95 ≤ 50 ms, error rate ≤ 1.00%",False,vllm-tp2,2f7fb3f9372ba09550198b14978459e35c68866db852f44d4856c293a5adf8f9,"untrusted, not ranked: high run-to-run variance",2083.0,128.0,267907,$0.267907,158583,$0.158583,452595,$0.452595,,4309793,$4.309793,2104213,$2.104213,6681711,$6.681711,,501901,$0.501901,419033,$0.419033,601157,$0.601157,,,,,,,,,,no_price_set; cost_above_market(input); cost_above_market(output); cost_above_market(blended),Fireworks AI,,llama-3.3-70b-instruct,False,unverified,False,900000,$0.900000,900000,$0.900000,900000,$0.900000,0.5577,,none,https://docs.fireworks.ai/serverless/pricing,2026-10-04,"runpod/secure h100-sxm-x2 + 260 GB block storage, from the price book: on-demand $8.0156/h; spot n/a; committed 1y n/a",True
llama-3.3-70b-instruct,shared-prefix,open_loop,"TTFT p95 ≤ 1000 ms, TPOT p95 ≤ 50 ms, error rate ≤ 1.00%",False,vllm-tp2,2f7fb3f9372ba09550198b14978459e35c68866db852f44d4856c293a5adf8f9,"untrusted, not ranked: high run-to-run variance",2083.0,128.0,267907,$0.267907,158583,$0.158583,452595,$0.452595,,4309793,$4.309793,2104213,$2.104213,6681711,$6.681711,,501901,$0.501901,419033,$0.419033,601157,$0.601157,,,,,,,,,,no_price_set; cost_above_market(input); cost_above_market(output); cost_above_market(blended),DeepInfra,meta-llama/Llama-3.3-70B-Instruct-Turbo,llama-3.3-70b-instruct,False,listed,True,100000,$0.100000,320000,$0.320000,112736,$0.112736,4.452,fp8,none,https://deepinfra.com/meta-llama/Llama-3.3-70B-Instruct-Turbo,2026-10-04,"runpod/secure h100-sxm-x2 + 260 GB block storage, from the price book: on-demand $8.0156/h; spot n/a; committed 1y n/a",True
llama-3.3-70b-instruct,shared-prefix,open_loop,"TTFT p95 ≤ 1000 ms, TPOT p95 ≤ 50 ms, error rate ≤ 1.00%",False,vllm-tp2,2f7fb3f9372ba09550198b14978459e35c68866db852f44d4856c293a5adf8f9,"untrusted, not ranked: high run-to-run variance",2083.0,128.0,267907,$0.267907,158583,$0.158583,452595,$0.452595,,4309793,$4.309793,2104213,$2.104213,6681711,$6.681711,,501901,$0.501901,419033,$0.419033,601157,$0.601157,,,,,,,,,,no_price_set; cost_above_market(input); cost_above_market(output); cost_above_market(blended),Novita AI,,llama-3.3-70b-instruct,False,listed,True,135000,$0.135000,400000,$0.400000,150341,$0.150341,3.3384,,none,https://novita.ai/pricing,2026-10-04,"runpod/secure h100-sxm-x2 + 260 GB block storage, from the price book: on-demand $8.0156/h; spot n/a; committed 1y n/a",True
llama-3.3-70b-instruct,shared-prefix,open_loop,"TTFT p95 ≤ 1000 ms, TPOT p95 ≤ 50 ms, error rate ≤ 1.00%",False,vllm-tp2,2f7fb3f9372ba09550198b14978459e35c68866db852f44d4856c293a5adf8f9,"untrusted, not ranked: high run-to-run variance",2083.0,128.0,267907,$0.267907,158583,$0.158583,452595,$0.452595,,4309793,$4.309793,2104213,$2.104213,6681711,$6.681711,,501901,$0.501901,419033,$0.419033,601157,$0.601157,,,,,,,,,,no_price_set; cost_above_market(input); cost_above_market(output); cost_above_market(blended),OpenRouter,meta-llama/llama-3.3-70b-instruct,llama-3.3-70b-instruct,True,listed,False,100000,$0.100000,320000,$0.320000,112736,$0.112736,4.452,,none,https://openrouter.ai/meta-llama/llama-3.3-70b-instruct,2026-10-04,"runpod/secure h100-sxm-x2 + 260 GB block storage, from the price book: on-demand $8.0156/h; spot n/a; committed 1y n/a",True
llama-3.3-70b-instruct-fp8,fixed-1k-1k,open_loop,"TTFT p95 ≤ 1000 ms, TPOT p95 ≤ 50 ms, error rate ≤ 1.00%",False,vllm-tp2-fp8,0381825d763025fdf1752037fbd925abe0a992e191215227ccb01e48039e5afd,leaderboard rank 1,1025.0,1024.0,454771,$0.454771,434956,$0.434956,475489,$0.475489,,638088,$0.638088,613296,$0.613296,663624,$0.663624,,546385,$0.546385,531993,$0.531993,561166,$0.561166,,,,,,,,,,no_price_set; cost_above_market(input); cost_above_market(output); cost_above_market(blended),Together AI,,llama-3.3-70b-instruct,False,listed,True,1040000,$1.040000,1040000,$1.040000,1040000,$1.040000,0.5254,,fp8,https://www.together.ai/pricing,2026-10-04,"runpod/secure h100-sxm-x2 + 260 GB block storage, from the price book: on-demand $8.0156/h; spot n/a; committed 1y n/a",True
llama-3.3-70b-instruct-fp8,fixed-1k-1k,open_loop,"TTFT p95 ≤ 1000 ms, TPOT p95 ≤ 50 ms, error rate ≤ 1.00%",False,vllm-tp2-fp8,0381825d763025fdf1752037fbd925abe0a992e191215227ccb01e48039e5afd,leaderboard rank 1,1025.0,1024.0,454771,$0.454771,434956,$0.434956,475489,$0.475489,,638088,$0.638088,613296,$0.613296,663624,$0.663624,,546385,$0.546385,531993,$0.531993,561166,$0.561166,,,,,,,,,,no_price_set; cost_above_market(input); cost_above_market(output); cost_above_market(blended),Fireworks AI,,llama-3.3-70b-instruct,False,unverified,False,900000,$0.900000,900000,$0.900000,900000,$0.900000,0.6071,,fp8,https://docs.fireworks.ai/serverless/pricing,2026-10-04,"runpod/secure h100-sxm-x2 + 260 GB block storage, from the price book: on-demand $8.0156/h; spot n/a; committed 1y n/a",True
llama-3.3-70b-instruct-fp8,fixed-1k-1k,open_loop,"TTFT p95 ≤ 1000 ms, TPOT p95 ≤ 50 ms, error rate ≤ 1.00%",False,vllm-tp2-fp8,0381825d763025fdf1752037fbd925abe0a992e191215227ccb01e48039e5afd,leaderboard rank 1,1025.0,1024.0,454771,$0.454771,434956,$0.434956,475489,$0.475489,,638088,$0.638088,613296,$0.613296,663624,$0.663624,,546385,$0.546385,531993,$0.531993,561166,$0.561166,,,,,,,,,,no_price_set; cost_above_market(input); cost_above_market(output); cost_above_market(blended),DeepInfra,meta-llama/Llama-3.3-70B-Instruct-Turbo,llama-3.3-70b-instruct,False,listed,True,100000,$0.100000,320000,$0.320000,209946,$0.209946,2.6025,fp8,fp8,https://deepinfra.com/meta-llama/Llama-3.3-70B-Instruct-Turbo,2026-10-04,"runpod/secure h100-sxm-x2 + 260 GB block storage, from the price book: on-demand $8.0156/h; spot n/a; committed 1y n/a",True
llama-3.3-70b-instruct-fp8,fixed-1k-1k,open_loop,"TTFT p95 ≤ 1000 ms, TPOT p95 ≤ 50 ms, error rate ≤ 1.00%",False,vllm-tp2-fp8,0381825d763025fdf1752037fbd925abe0a992e191215227ccb01e48039e5afd,leaderboard rank 1,1025.0,1024.0,454771,$0.454771,434956,$0.434956,475489,$0.475489,,638088,$0.638088,613296,$0.613296,663624,$0.663624,,546385,$0.546385,531993,$0.531993,561166,$0.561166,,,,,,,,,,no_price_set; cost_above_market(input); cost_above_market(output); cost_above_market(blended),Novita AI,,llama-3.3-70b-instruct,False,listed,True,135000,$0.135000,400000,$0.400000,267435,$0.267435,2.0431,,fp8,https://novita.ai/pricing,2026-10-04,"runpod/secure h100-sxm-x2 + 260 GB block storage, from the price book: on-demand $8.0156/h; spot n/a; committed 1y n/a",True
llama-3.3-70b-instruct-fp8,fixed-1k-1k,open_loop,"TTFT p95 ≤ 1000 ms, TPOT p95 ≤ 50 ms, error rate ≤ 1.00%",False,vllm-tp2-fp8,0381825d763025fdf1752037fbd925abe0a992e191215227ccb01e48039e5afd,leaderboard rank 1,1025.0,1024.0,454771,$0.454771,434956,$0.434956,475489,$0.475489,,638088,$0.638088,613296,$0.613296,663624,$0.663624,,546385,$0.546385,531993,$0.531993,561166,$0.561166,,,,,,,,,,no_price_set; cost_above_market(input); cost_above_market(output); cost_above_market(blended),OpenRouter,meta-llama/llama-3.3-70b-instruct,llama-3.3-70b-instruct,True,listed,False,100000,$0.100000,320000,$0.320000,209946,$0.209946,2.6025,,fp8,https://openrouter.ai/meta-llama/llama-3.3-70b-instruct,2026-10-04,"runpod/secure h100-sxm-x2 + 260 GB block storage, from the price book: on-demand $8.0156/h; spot n/a; committed 1y n/a",True
llama-3.3-70b-instruct-fp8,shared-prefix,open_loop,"TTFT p95 ≤ 1000 ms, TPOT p95 ≤ 50 ms, error rate ≤ 1.00%",False,vllm-tp2-fp8,0381825d763025fdf1752037fbd925abe0a992e191215227ccb01e48039e5afd,leaderboard rank 1,2083.0,128.0,255149,$0.255149,208170,$0.208170,306865,$0.306865,,387888,$0.387888,0,$0.000000,895187,$0.895187,,262833,$0.262833,238953,$0.238953,289100,$0.289100,,,,,,,,,,no_price_set; cost_above_market(input); cost_above_market(output); cost_above_market(blended),Together AI,,llama-3.3-70b-instruct,False,listed,True,1040000,$1.040000,1040000,$1.040000,1040000,$1.040000,0.2527,,fp8,https://www.together.ai/pricing,2026-10-04,"runpod/secure h100-sxm-x2 + 260 GB block storage, from the price book: on-demand $8.0156/h; spot n/a; committed 1y n/a",True
llama-3.3-70b-instruct-fp8,shared-prefix,open_loop,"TTFT p95 ≤ 1000 ms, TPOT p95 ≤ 50 ms, error rate ≤ 1.00%",False,vllm-tp2-fp8,0381825d763025fdf1752037fbd925abe0a992e191215227ccb01e48039e5afd,leaderboard rank 1,2083.0,128.0,255149,$0.255149,208170,$0.208170,306865,$0.306865,,387888,$0.387888,0,$0.000000,895187,$0.895187,,262833,$0.262833,238953,$0.238953,289100,$0.289100,,,,,,,,,,no_price_set; cost_above_market(input); cost_above_market(output); cost_above_market(blended),Fireworks AI,,llama-3.3-70b-instruct,False,unverified,False,900000,$0.900000,900000,$0.900000,900000,$0.900000,0.292,,fp8,https://docs.fireworks.ai/serverless/pricing,2026-10-04,"runpod/secure h100-sxm-x2 + 260 GB block storage, from the price book: on-demand $8.0156/h; spot n/a; committed 1y n/a",True
llama-3.3-70b-instruct-fp8,shared-prefix,open_loop,"TTFT p95 ≤ 1000 ms, TPOT p95 ≤ 50 ms, error rate ≤ 1.00%",False,vllm-tp2-fp8,0381825d763025fdf1752037fbd925abe0a992e191215227ccb01e48039e5afd,leaderboard rank 1,2083.0,128.0,255149,$0.255149,208170,$0.208170,306865,$0.306865,,387888,$0.387888,0,$0.000000,895187,$0.895187,,262833,$0.262833,238953,$0.238953,289100,$0.289100,,,,,,,,,,no_price_set; cost_above_market(input); cost_above_market(output); cost_above_market(blended),DeepInfra,meta-llama/Llama-3.3-70B-Instruct-Turbo,llama-3.3-70b-instruct,False,listed,True,100000,$0.100000,320000,$0.320000,112736,$0.112736,2.3314,fp8,fp8,https://deepinfra.com/meta-llama/Llama-3.3-70B-Instruct-Turbo,2026-10-04,"runpod/secure h100-sxm-x2 + 260 GB block storage, from the price book: on-demand $8.0156/h; spot n/a; committed 1y n/a",True
llama-3.3-70b-instruct-fp8,shared-prefix,open_loop,"TTFT p95 ≤ 1000 ms, TPOT p95 ≤ 50 ms, error rate ≤ 1.00%",False,vllm-tp2-fp8,0381825d763025fdf1752037fbd925abe0a992e191215227ccb01e48039e5afd,leaderboard rank 1,2083.0,128.0,255149,$0.255149,208170,$0.208170,306865,$0.306865,,387888,$0.387888,0,$0.000000,895187,$0.895187,,262833,$0.262833,238953,$0.238953,289100,$0.289100,,,,,,,,,,no_price_set; cost_above_market(input); cost_above_market(output); cost_above_market(blended),Novita AI,,llama-3.3-70b-instruct,False,listed,True,135000,$0.135000,400000,$0.400000,150341,$0.150341,1.7482,,fp8,https://novita.ai/pricing,2026-10-04,"runpod/secure h100-sxm-x2 + 260 GB block storage, from the price book: on-demand $8.0156/h; spot n/a; committed 1y n/a",True
llama-3.3-70b-instruct-fp8,shared-prefix,open_loop,"TTFT p95 ≤ 1000 ms, TPOT p95 ≤ 50 ms, error rate ≤ 1.00%",False,vllm-tp2-fp8,0381825d763025fdf1752037fbd925abe0a992e191215227ccb01e48039e5afd,leaderboard rank 1,2083.0,128.0,255149,$0.255149,208170,$0.208170,306865,$0.306865,,387888,$0.387888,0,$0.000000,895187,$0.895187,,262833,$0.262833,238953,$0.238953,289100,$0.289100,,,,,,,,,,no_price_set; cost_above_market(input); cost_above_market(output); cost_above_market(blended),OpenRouter,meta-llama/llama-3.3-70b-instruct,llama-3.3-70b-instruct,True,listed,False,100000,$0.100000,320000,$0.320000,112736,$0.112736,2.3314,,fp8,https://openrouter.ai/meta-llama/llama-3.3-70b-instruct,2026-10-04,"runpod/secure h100-sxm-x2 + 260 GB block storage, from the price book: on-demand $8.0156/h; spot n/a; committed 1y n/a",True
